{
  "favourites": [
    {
      "adult": false,
      "backdrop_path": "/dlrWhn0G3AtxYUx2D9P2bmzcsvF.jpg",
      "genre_ids": [
        878,
        27,
        35
      ],
      "id": 536554,
      "original_language": "en",
      "original_title": "M3GAN",
      "overview": "A brilliant toy company roboticist uses artificial intelligence to develop M3GAN, a life-like doll programmed to emotionally bond with her newly orphaned niece. But when the doll's programming works too well, she becomes overprotective of her new friend with terrifying results.",
      "popularity": 858.322,
      "poster_path": "/d9nBoowhjiiYc4FBNtQkPY7c11H.jpg",
      "release_date": "2022-12-28",
      "title": "M3GAN",
      "video": false,
      "vote_average": 7.4,
      "vote_count": 2135
    },
    {
      "adult": false,
      "backdrop_path": "/jr8tSoJGj33XLgFBy6lmZhpGQNu.jpg",
      "genre_ids": [
        16,
        12,
        35,
        10751
      ],
      "id": 315162,
      "original_language": "en",
      "original_title": "Puss in Boots: The Last Wish",
      "overview": "Puss in Boots discovers that his passion for adventure has taken its toll: He has burned through eight of his nine lives, leaving him with only one life left. Puss sets out on an epic journey to find the mythical Last Wish and restore his nine lives.",
      "popularity": 2090.591,
      "poster_path": "/kuf6dutpsT0vSVehic3EZIqkOBt.jpg",
      "release_date": "2022-12-07",
      "title": "Puss in Boots: The Last Wish",
      "video": false,
      "vote_average": 8.4,
      "vote_count": 4733
    },
    {
      "adult": false,
      "backdrop_path": "/xDMIl84Qo5Tsu62c9DGWhmPI67A.jpg",
      "genre_ids": [
        28,
        12,
        878
      ],
      "id": 505642,
      "original_language": "en",
      "original_title": "Black Panther: Wakanda Forever",
      "overview": "Queen Ramonda, Shuri, M’Baku, Okoye and the Dora Milaje fight to protect their nation from intervening world powers in the wake of King T’Challa’s death.  As the Wakandans strive to embrace their next chapter, the heroes must band together with the help of War Dog Nakia and Everett Ross and forge a new path for the kingdom of Wakanda.",
      "popularity": 1740.867,
      "poster_path": "/sv1xJUazXeYqALzczSZ3O6nkH75.jpg",
      "release_date": "2022-11-09",
      "title": "Black Panther: Wakanda Forever",
      "video": false,
      "vote_average": 7.3,
      "vote_count": 4208
    },
    {
      "adult": false,
      "backdrop_path": "/wPU78OPN4BYEgWYdXyg0phMee64.jpg",
      "genre_ids": [
        18,
        80
      ],
      "id": 278,
      "original_language": "en",
      "original_title": "The Shawshank Redemption",
      "overview": "Framed in the 1940s for the double murder of his wife and her lover, upstanding banker Andy Dufresne begins a new life at the Shawshank prison, where he puts his accounting skills to work for an amoral warden. During his long stretch in prison, Dufresne comes to be admired by the other inmates -- including an older prisoner named Red -- for his integrity and unquenchable sense of hope.",
      "popularity": 97.723,
      "poster_path": "/hBcY0fE9pfXzvVaY4GKarweriG2.jpg",
      "release_date": "1994-09-23",
      "title": "The Shawshank Redemption",
      "video": false,
      "vote_average": 8.7,
      "vote_count": 23519
    },
    {
      "adult": false,
      "backdrop_path": "/bT3IpP7OopgiVuy6HCPOWLuaFAd.jpg",
      "genre_ids": [
        35,
        9648,
        28
      ],
      "id": 638974,
      "original_language": "en",
      "original_title": "Murder Mystery 2",
      "overview": "After starting their own detective agency, Nick and Audrey Spitz land a career-making case when their billionaire pal is kidnapped from his wedding.",
      "popularity": 4095.836,
      "poster_path": "/wdffZv8gIiWy6xr4t7hWBWtUwpl.jpg",
      "release_date": "2023-03-28",
      "title": "Murder Mystery 2",
      "video": false,
      "vote_average": 6.4,
      "vote_count": 589
    },
    {
      "adult": false,
      "backdrop_path": "/ovM06PdF3M8wvKb06i4sjW3xoww.jpg",
      "genre_ids": [
        878,
        12,
        28
      ],
      "id": 76600,
      "original_language": "en",
      "original_title": "Avatar: The Way of Water",
      "overview": "Set more than a decade after the events of the first film, learn the story of the Sully family (Jake, Neytiri, and their kids), the trouble that follows them, the lengths they go to keep each other safe, the battles they fight to stay alive, and the tragedies they endure.",
      "popularity": 5473.256,
      "poster_path": "/t6HIqrRAclMCA60NsSmeqe9RmNV.jpg",
      "release_date": "2022-12-14",
      "title": "Avatar: The Way of Water",
      "video": false,
      "vote_average": 7.7,
      "vote_count": 6908
    },
    {
      "adult": false,
      "backdrop_path": "/5i6SjyDbDWqyun8klUuCxrlFbyw.jpg",
      "genre_ids": [
        18,
        28
      ],
      "id": 677179,
      "original_language": "en",
      "original_title": "Creed III",
      "overview": "After dominating the boxing world, Adonis Creed has been thriving in both his career and family life. When a childhood friend and former boxing prodigy, Damien Anderson, resurfaces after serving a long sentence in prison, he is eager to prove that he deserves his shot in the ring. The face-off between former friends is more than just a fight. To settle the score, Adonis must put his future on the line to battle Damien — a fighter who has nothing to lose.",
      "popularity": 6029.319,
      "poster_path": "/cvsXj3I9Q2iyyIo95AecSd1tad7.jpg",
      "release_date": "2023-03-01",
      "title": "Creed III",
      "video": false,
      "vote_average": 7.3,
      "vote_count": 900
    },
    {
      "adult": false,
      "backdrop_path": "/m1fgGSLK0WvRpzM1AmZu38m0Tx8.jpg",
      "genre_ids": [
        28
      ],
      "id": 842945,
      "original_language": "en",
      "original_title": "Supercell",
      "overview": "Good-hearted teenager William always lived in hope of following in his late father’s footsteps and becoming a storm chaser. His father’s legacy has now been turned into a storm-chasing tourist business, managed by the greedy and reckless Zane Rogers, who is now using William as the main attraction to lead a group of unsuspecting adventurers deep into the eye of the most dangerous supercell ever seen.",
      "popularity": 1637.138,
      "poster_path": "/gbGHezV6yrhua0KfAgwrknSOiIY.jpg",
      "release_date": "2023-03-17",
      "title": "Supercell",
      "video": false,
      "vote_average": 6.2,
      "vote_count": 73
    },
    {
      "adult": false,
      "backdrop_path": "/5Y5pz0NX7SZS9036I733F7uNcwK.jpg",
      "genre_ids": [
        27,
        9648
      ],
      "id": 758323,
      "original_language": "en",
      "original_title": "The Pope's Exorcist",
      "overview": "Father Gabriele Amorth, Chief Exorcist of the Vatican, investigates a young boy's terrifying possession and ends up uncovering a centuries-old conspiracy the Vatican has desperately tried to keep hidden.",
      "popularity": 1959.766,
      "poster_path": "/9JBEPLTPSm0d1mbEcLxULjJq9Eh.jpg",
      "release_date": "2023-04-05",
      "title": "The Pope's Exorcist",
      "video": false,
      "vote_average": 7.4,
      "vote_count": 32
    }
  ]
}